trade_id,market,direction,signal_time,entry_time,entry_price,atr_at_entry,stop_loss,take_profit,exit_time,exit_price,exit_reason,gross_R,cost_R,net_R,bars_held,adx_at_signal,bos_level,mfe_R,mae_R,status
PT-000001-ETH,ETH,LONG,2026-07-04 15:00:00,2026-07-04 15:00:00,1785.397008,6.198351630688383,1766.444945107935,1840.8251646761955,2026-07-05 01:15:00,1766.0916561189133,SL,-1.0381981657566688,0.11459461727002693,-1.1527927830266957,41,45.74592774759319,1775.78,1.2159146682405453,1.1341725056697416,CLOSED
PT-000002-DOGE,DOGE,LONG,2026-07-04 15:30:00,2026-07-04 15:30:00,0.078725742,0.0003237491360389152,0.07773875259188326,0.08162374222435023,2026-07-04 23:00:00,0.07772320484136488,SL,-1.0322160453215954,0.09664825596480323,-1.1288643012863986,30,32.3938541505032,0.07848,0.6898345307290321,1.225228494876927,CLOSED
PT-000003-ADA,ADA,LONG,2026-07-04 14:45:00,2026-07-04 14:45:00,0.18433686,0.0014526867063364437,0.17994193988099066,0.19737418035702797,2026-07-04 16:15:00,0.19733470552095658,TP,2.98248421683344,0.052546989499683776,2.929937227333756,6,38.31480941347633,0.1832,3.120654517976576,0.0,CLOSED
PT-000004-LINK,LINK,LONG,2026-07-04 15:00:00,2026-07-04 15:00:00,8.0506098,0.030588408142866147,7.9572347755714015,8.324295673285794,2026-07-05 00:30:00,7.955643328616287,SL,-1.0348851863551563,0.10465567906546505,-1.1395408654206214,38,34.08332246116476,8.04,1.383966538422385,1.0679426831920695,CLOSED
PT-000005-LTC,LTC,LONG,2026-07-04 16:45:00,2026-07-04 16:45:00,45.379073999999996,0.17269532368144802,44.851914028955655,46.92425791313303,2026-07-04 23:00:00,44.84294364614986,SL,-1.034828935378072,0.10448692613422751,-1.1393158615122996,25,30.843977422098796,45.35,0.6562617384034553,1.196712581794519,CLOSED
PT-000006-BTC,BTC,LONG,2026-07-04 17:30:00,2026-07-04 17:30:00,63188.625197999994,123.94414174580497,62804.15757476258,64291.48727571224,2026-07-05 01:30:00,62791.59674324763,SL,-1.0677617867749427,0.2032854803248683,-1.271047267099811,32,47.305571071434414,62979.86,0.7691636893081314,1.0111813130872824,CLOSED
PT-000007-AVAX,AVAX,LONG,2026-07-04 17:30:00,2026-07-04 17:30:00,7.0454088,0.0277591945055875,6.960722416483237,7.293832750550287,2026-07-04 23:00:00,6.95933027199994,SL,-1.033633834760984,0.10090162428294525,-1.1345354590439292,22,39.52300004336984,7.035,0.8525703676993631,1.1287551347005484,CLOSED
PT-000008-LTC,LTC,LONG,2026-07-05 16:00:00,2026-07-05 16:00:00,45.779154000000005,0.19356646171102107,45.18930061486694,47.512098155399194,2026-07-05 16:15:00,45.180262754743964,SL,-1.0313275002328608,0.09398262069855774,-1.1253101209314185,1,40.86463569091386,45.71,0.06888245626578962,1.1537811424520037,CLOSED
PT-000009-BTC,BTC,LONG,2026-07-10 08:15:00,2026-07-10 08:15:00,64344.856397999996,148.22507030994447,63887.314789070166,65666.0156327895,2026-07-10 14:30:00,63874.53732611235,SL,-1.0576687441249253,0.1730063523748048,-1.2306750964997302,25,30.72600409354183,64243.75,0.8114686655131351,1.2111311509221472,CLOSED
PT-000010-ETH,ETH,LONG,2026-07-13 00:00:00,2026-07-13 00:00:00,1840.4180099999999,7.443907175879298,1817.718278472362,1907.0451645829137,2026-07-13 00:30:00,1817.3547348166676,SL,-1.0327584980311082,0.09827561409333666,-1.131034112124445,2,36.07493060025137,1830.0,0.1741916759612916,1.4768230008234582,CLOSED
PT-000011-DOGE,DOGE,LONG,2026-07-21 08:00:00,2026-07-21 08:00:00,0.073724742,0.00023290716488881758,0.07301127850533355,0.07580616448399935,2026-07-21 17:45:00,0.07299667624963249,SL,-1.041997070256239,0.12599133076878297,-1.167988401025022,39,37.81420097060708,0.07359,0.1860541016590064,1.1020127559802153,CLOSED
PT-000012-LTC,LTC,LONG,2026-07-21 08:30:00,2026-07-21 08:30:00,47.739546,0.13975048804788798,47.310748535856334,48.987754392430986,2026-07-21 10:45:00,47.301286386149165,SL,-1.0453383025053777,0.13601502751615685,-1.1813533300215346,9,40.93983289360897,47.72,0.14311220146256237,1.0256374438149907,CLOSED
PT-000013-ADA,ADA,LONG,2026-07-22 15:45:00,2026-07-22 15:45:00,0.17793558,0.0010907222419245042,0.17462783327422648,0.18771650017732053,2026-07-22 19:00:00,0.17459290770757163,SL,-1.0215470581310917,0.06464129439325624,-1.0861883525243479,13,31.976885173981643,0.1777,0.8862629086586199,1.2529923881035698,CLOSED
PT-000014-ADA,ADA,LONG,2026-07-30 14:30:00,2026-07-30 14:30:00,0.17053410000000002,0.0010976991513442131,0.16720690254596737,0.18037929236209793,2026-07-31 06:30:00,0.16886622,TIME,-0.5064775711261047,0.06183849547198417,-0.5683160665980889,64,46.76537685615991,0.1691,1.761259750420527,0.7591636855260899,CLOSED
PT-000015-BTC,BTC,LONG,2026-08-02 21:30:00,2026-08-02 21:30:00,63716.750802,91.94485271519616,63428.175441854415,64531.51367443677,2026-08-02 22:30:00,63415.48980676605,SL,-1.0921800272573041,0.2765402017719569,-1.368720229029261,4,45.32069751395274,63634.0,0.33469337787353026,1.1865808338172419,CLOSED
PT-000016-ADA,ADA,LONG,2026-08-03 13:45:00,2026-08-03 13:45:00,0.19463892,0.0016154479562375164,0.18975365613128745,0.20913903160613764,2026-08-03 14:30:00,0.1897157054000612,SL,-1.0158615924310535,0.04758489729316296,-1.0634464897242164,3,34.402242224026566,0.1922,0.26824345015892276,1.072973800635691,CLOSED
PT-000017-BTC,BTC,LONG,2026-08-03 14:45:00,2026-08-03 14:45:00,63979.983438,233.87032011969325,63265.57903964092,66072.02288107724,2026-08-04 06:45:00,63657.266,TIME,-0.4599663577587714,0.1091521569497798,-0.5691185147085512,64,31.71983697881824,63796.33,0.3942640802795086,0.9195694429713606,CLOSED
PT-000018-BTC,BTC,LONG,2026-08-07 11:15:00,2026-08-07 11:15:00,65097.836964,109.15481741338012,64757.35554775986,66067.21335672041,2026-08-07 17:00:00,64744.40407665031,SL,-1.0793015392416048,0.2379047377248131,-1.317206276966418,23,35.801681880212364,65025.22,0.9349717134349405,1.175150454858528,CLOSED
PT-000019-BTC,BTC,LONG,2026-08-09 13:30:00,2026-08-09 13:30:00,65232.833958,45.456502175992036,65083.420493472026,65628.89851958393,2026-08-09 20:00:00,65070.40380937333,SL,-1.1911031488065698,0.5733095664197114,-1.7644127152262812,26,30.42493303638185,65192.54,0.5881813467114373,1.272571885155273,CLOSED
PT-000020-BTC,BTC,LONG,2026-08-19 14:00:00,2026-08-19 14:00:00,65420.511485999996,150.42986180176894,64956.140414594694,66761.29875621593,2026-08-19 15:00:00,66747.94649646469,TP,2.9414262003686935,0.1757210388940349,2.7657051614746586,4,45.756972130052006,65058.81,3.0850036097102267,0.18892525499658794,CLOSED
PT-000021-ETH,ETH,LONG,2026-08-07 12:00:00,2026-08-07 12:00:00,1934.23677,4.867101383754199,1919.2486958487373,1977.6539124537876,2026-08-07 14:00:00,1918.8648461095675,SL,-1.052777459546536,0.15833249863957052,-1.2111099581861065,8,42.965441849611224,1928.0,0.6280260930806738,1.5793109821635976,CLOSED
PT-000022-SOL,SOL,LONG,2026-08-09 14:45:00,2026-08-09 14:45:00,77.035404,0.17397250844371379,76.49808247466885,78.58575257599342,2026-08-09 23:15:00,76.48278285817392,SL,-1.058828483437988,0.17648557031393547,-1.2353140537519234,34,33.39865171975847,76.81,1.5711294605019088,1.2645676145502989,CLOSED
PT-000023-SOL,SOL,LONG,2026-08-27 08:15:00,2026-08-27 08:15:00,104.190834,0.7533443155181061,101.90996705344568,110.95009883966296,2026-08-28 00:15:00,109.758044,TIME,2.46333134589381,0.0567997590458643,2.406531586847946,64,41.020649443072436,103.08,2.8450912672769975,0.47344442550333005,CLOSED
PT-000024-XRP,XRP,LONG,2026-08-21 08:00:00,2026-08-21 08:00:00,1.34606916,0.013501972460159741,1.305294082619521,1.4673177521414378,2026-08-21 23:15:00,1.4670242885910094,TP,2.986110089912456,0.04166937026262795,2.9444407196498283,61,34.7658117328523,1.3441,3.2044700723789474,0.20984588301403412,CLOSED
PT-000025-ADA,ADA,LONG,2026-08-06 14:30:00,2026-08-06 14:30:00,0.2020404,0.0017558042774774643,0.1967325871675676,0.21780223849729718,2026-08-07 06:30:00,0.20275944,TIME,0.13650724233588596,0.04610990475334408,0.09039733758254187,64,37.62011633256995,0.199,1.841511252027821,0.62649351873112,CLOSED
PT-000026-LINK,LINK,LONG,2026-08-08 10:15:00,2026-08-08 10:15:00,8.3246646,0.018000255345786156,8.268999233962642,8.485002298112075,2026-08-09 02:15:00,8.3073382,TIME,-0.32085470765383817,0.184797409597787,-0.5056521172516252,64,39.72449137921828,8.318,1.4073874423822228,0.5370294188037502,CLOSED
PT-000027-LINK,LINK,LONG,2026-08-21 02:15:00,2026-08-21 02:15:00,10.9201836,0.07729782492642231,10.686106525220731,11.613680424337801,2026-08-21 07:15:00,11.611357688252934,TP,2.9805672147991387,0.058297995602593196,2.9222692191965454,20,31.15162214253893,10.892,3.057438337473183,0.3061750662349714,CLOSED
PT-000028-LTC,LTC,LONG,2026-08-08 20:45:00,2026-08-08 20:45:00,46.089216,0.07164473114229708,45.86506580657311,46.724802580280674,2026-08-09 12:45:00,46.190760000000004,TIME,0.47244227817359247,0.25760436121036806,0.2148379169632244,64,43.57258548710524,46.07,1.3492501838644912,0.9305173681823907,CLOSED
PT-000029-LTC,LTC,LONG,2026-09-05 02:45:00,2026-09-05 02:45:00,52.220442,0.2727574055318819,51.391727783404356,54.664816649786935,2026-09-05 17:00:00,54.65388368645698,TP,2.973877930966683,0.07836584709995323,2.89551208386673,57,42.3639631215138,51.87,3.201868457541296,0.07332523185209361,CLOSED
PT-000030-AVAX,AVAX,LONG,2026-09-05 17:00:00,2026-09-05 17:00:00,7.5855168,0.022534889017741568,7.516395332946775,7.786814001159674,,,,,,,0,37.14982055255602,7.578,0.0,0.0,OPEN
PT-000031-DOGE,DOGE,LONG,2026-09-05 17:45:00,2026-09-05 17:45:00,0.094248846,0.0009511725076015271,0.09137648247719542,0.10279055256841374,2026-09-05 19:00:00,0.09135820718069998,SL,-1.0130089604142158,0.03902700124265071,-1.0520359616568666,5,67.54447085995582,0.08999,0.18573567387071513,1.0303073229809423,CLOSED
PT-000032-SOL,SOL,LONG,2026-09-06 03:30:00,2026-09-06 03:30:00,106.481292,0.4675630934591517,105.05731071962254,110.66806784113236,,,,,,,0,37.004101800050336,105.91,0.0,0.0,OPEN
